,Asset_1,Asset_2,Asset_3,Asset_4,Asset_5,Asset_6,Asset_7,Asset_8,Asset_9,Asset_10
2024-01-01,0.28544936049239406,0.13586856027921873,0.10627953739413244,0.28310760776247745,0.03922612862703966,0.16535978959734876,0.1638243808510288,0.19530061860582468,0.0355861549912834,0.05570289874395224
2024-01-02,0.5051327603928663,0.8927674566369025,0.6261081207894496,0.8070679764240418,0.12095249290882051,0.5244356552118506,0.40181150300563545,-0.2897968042661121,0.15244846185123562,0.47113340344682214
2024-01-03,0.1094198723449589,0.34593591480968067,-0.107541720936503,0.35394219788685316,0.07003224430475465,0.05206064399958138,-0.09188186025057753,0.24444908790861097,0.1606338346424252,0.3985084821238375
2024-01-04,0.8141824176799055,0.5277470453723339,0.557293664095647,0.5488684400090956,0.15585828380920527,0.3327172702890945,0.5388295380830975,0.37762342546833105,0.4351553443260774,0.6283297635086105
2024-01-05,-0.13154283052110882,0.3226219962753454,0.06062798381424209,-0.0781628305245198,0.017869024293755822,0.1567668429952352,0.056785608325407244,-0.18733512214977108,0.09751456488563409,0.01923802563380128
2024-01-08,-0.16931896381582104,-0.10374497995979484,0.007283521065766643,0.0642597710286885,0.05652228148578872,0.09295873330801227,0.14871038284160565,0.13322414338469543,-0.1462717054303913,0.07220593183437968
2024-01-09,0.5355455097296212,0.05355785182667874,-0.4767586421241949,-0.45130350647143536,0.21233022374988664,0.20887925516512929,0.09667379192074058,-0.37210190990778014,0.22744243356725427,0.20881170640102725
2024-01-10,0.33775997667864666,0.7994810958508239,-0.48694746548588547,0.3967105828001737,0.142644228858004,-0.16493893386057637,0.15100903770233473,-0.4802283941895417,0.18608563240690223,-0.3087173433157111
2024-01-11,0.18546973978038753,0.1457985934695159,0.08141285171405233,0.15998387304403913,0.053704004833751165,0.04539314851798121,0.1344411363809888,0.1620926686730894,0.1616310128694457,0.2675630546680983
2024-01-12,0.02162716635215889,0.23234327947096656,-0.038135747693498534,0.06630484971925718,0.20046629445136538,-0.10093073677462423,0.11977035039716072,0.2519923928002137,-0.07305978142796979,-0.10683043602796602
2024-01-15,-0.02157053570483014,0.25929133104995816,-0.47356817473531326,-0.8718295088480631,0.07937135418010471,0.11269345660287508,-0.23034410121961013,0.5669302977665378,0.5853033703781952,-0.3687146954621847
2024-01-16,-0.3573370553716339,-0.6286714752712195,-0.13673639067275223,0.2730085633702438,0.0409175720170389,0.3098866079322937,-0.04229295251882413,-0.4518202726500639,-0.1920256834577593,-0.5512828827576378
2024-01-17,0.08975425184152934,0.2477916366649239,-0.07673912710968726,-0.1449262685885535,0.10870712255571047,0.23810959304150484,0.10608346550853384,0.18971745757163774,-0.0009599710073903145,0.018335113195203673
2024-01-18,-0.057175644038501894,0.1052993167725228,-0.1462660247888532,-0.13132273566550817,-0.024660230010747713,0.12438935084621078,-0.05507831511466568,-0.1888711524050517,-0.046288962413460366,0.12120849410940022
2024-01-19,-0.005456359379908269,-0.012822728364107146,-0.009114309635194343,-0.01400502173940664,0.07740851020972674,-0.12627440307535776,0.07602749994100784,-0.026479836058537022,0.043354453503494164,0.05776170261022894
2024-01-22,0.11062898974137358,0.33190664417789395,0.05187216981926749,0.5523246367966226,0.26148337935277666,0.1401323579822235,0.44090218208506765,0.531391428552399,0.3981776205066204,0.2832563935952576
2024-01-23,0.0008346012216893794,0.41640820297608705,0.1161317832526546,0.019320191695781225,0.12157956621877394,0.13896160980752503,0.3278527267434817,0.19292733680136132,0.1688954703439386,-0.08838266341511052
2024-01-24,0.15742078138862714,-0.7408317548467808,0.6923840707366044,-0.08718693933257082,0.3170108715715745,0.2030814627278446,0.19775015240928234,0.5786332135706247,0.2001258276563387,0.3019650034237936
2024-01-25,0.1655835150898266,0.6937911202044751,-0.0005691947397898633,0.44926568316034476,0.11697831532071747,0.3067380572564149,0.23142946161736028,0.15248447842607663,0.14421265278630607,0.30040295004907697
2024-01-26,0.469914818980832,0.3527554794277328,-0.29059100400737614,-0.037545443841659566,0.008736750469100274,-0.1048607312117487,0.1547721204516013,-0.3848337399502648,0.49813538574841165,-0.05514428753374793
2024-01-29,0.08188278447012756,-1.1449781254434384,-0.19284693746111653,0.08539852726844399,0.045403156197692564,0.24665955819787963,0.07926453826169509,0.2904511801007896,0.3711841504694325,0.19830950282936585
2024-01-30,0.20525552331834473,0.08192072103125621,0.4900822429688462,0.4379644167189277,0.24925301633590058,0.259777011777515,0.10658750324241453,-0.15199274199978047,0.138613633821885,0.017170404156825705
2024-01-31,-0.20356986850324044,0.26593910929387554,0.1822440801304474,0.44577871635105604,-0.03589262906586159,0.42556924531019513,0.21868217385742333,0.5402733844922448,0.2836500784694131,0.3026494548702796
2024-02-01,0.4602494340751046,0.168338666994553,0.1278734384808091,0.12345686985431503,0.136224607366812,0.2626172031896812,0.12034201940778602,0.5189571501210243,0.4663041228224686,0.11171708160796484
2024-02-02,0.07253221268569118,-0.4779799170081305,-0.8532042648778995,-0.27410785477571664,-0.031508646707900836,-0.2679297312734359,-0.18263467174570647,-0.24298522098550773,0.09953714542282349,-0.5529061188428428
2024-02-05,0.06129237084978914,0.05196028201514502,0.09241612497590873,-0.04607054406708461,0.06591252685101068,-0.06330643964717558,-0.02634514310235818,0.17884410611076962,-0.14468475974870057,0.1690823442527411
2024-02-06,0.5192788421619744,0.07034325874078833,0.687617012504347,0.4690625362370616,0.37744206128585145,0.3317679526594567,0.16045276803974584,-0.20063755814214446,0.5371088512129538,-0.16995695480424317
2024-02-07,-0.14163921577668054,0.17801435426860931,-0.10469401883465933,0.529342495477083,-0.16075681772894343,-0.1135656610579032,0.08644487498802411,-0.019902238724923776,0.25731189287213196,0.07573405327278505
2024-02-08,0.020736314933032227,0.17537384011703377,0.06760044413620599,-0.04747199558019591,0.04459047918096898,-0.03723570640502322,0.08852506543370293,0.013686966226855009,0.14339350557630698,0.023847307261415
2024-02-09,-0.06438260037003105,-0.2459219004038159,-0.22402033668743176,-0.14354677487180978,0.06612927775130842,-0.13418113347837685,-0.06814863863690848,0.03274236959099527,0.08986819566421253,-0.3485125430000106
2024-02-12,-0.13678331948733172,0.03895915512863118,-0.2155995820049409,0.0287626939945341,0.036867725422988634,-0.04202176094172516,0.02964224538101229,-0.06441224020210315,0.2319411956922297,0.017455997789014757
2024-02-13,0.34374204609728953,0.0021399902446838093,-0.1616412517012606,-0.8095927258374481,-0.024280732384391962,-0.43355604795845915,0.1531621355148227,-0.14487137033502337,0.3876585307117227,0.2689337554358757
2024-02-14,-0.1982234735739249,-0.20078373252924087,0.08539197217386567,0.11499178235533747,-0.13896146072744991,0.05869035648263623,-0.03438824605661127,-0.003914865283043814,-0.0526385041928113,-0.19551059931634235
2024-02-15,0.06829745083975118,0.18482240032356778,-0.34004965631745904,0.043019121586740414,-0.1273798707066179,0.29933220672829586,-0.19165208462921945,-0.01761716951988644,-0.11758339040830343,-0.17688833963967732
2024-02-16,0.24135234197979966,0.2953256793278403,-0.08745758029502251,0.39771351504940883,0.072594201808652,0.10161206383715374,0.09142749743755722,0.13972698865286987,0.43812642440294575,0.4019904191264321
2024-02-19,-0.06907949474320425,0.17320960590786594,-0.2253808346656982,0.01676926931069883,-0.00447441104782037,-0.02968643136684032,0.04853141176803345,-0.2340379980037065,0.1869846414818358,0.2999444136067404
2024-02-20,-0.22755586835125874,0.25764768752686534,-0.12334172042130774,0.18962263755528336,0.028999295763371728,-0.12030285316601158,0.06932431889343596,-0.07228605759651097,0.5243314360285353,0.026600050646757648
2024-02-21,-0.17979656210625217,-0.15842336832781406,-0.2645879497138769,-0.45104249448214184,-0.17060793392901744,-0.20101564176043427,0.071746905376158,-0.3133282158698752,-0.5268942102713271,-0.3044658750029839
2024-02-22,-1.3776636715591999,-0.05322024175086912,-1.041493456882541,-2.1997313688997413,-1.5220588462194349,-0.2520522498561548,0.08785655848556521,-0.3739741831967163,-0.19300852649186576,-0.16911238817820778
2024-02-23,0.1439930999993242,-0.05057310882530755,0.023123637676232857,0.026118084402374703,0.034931740893233316,0.32852818207221546,0.1331005253586712,0.6676289847671009,0.09354233619947006,-0.15288528188538358
2024-02-26,0.022810954985082448,-0.008518615083045633,0.40401005051213423,-0.22103319504573735,0.1147233865003332,-0.14956806767072425,0.07502208809345254,0.043526139648025125,0.169240743598499,0.1288125586679565
2024-02-27,-0.841179866543945,-1.2886432721647996,-0.8707649213628776,-0.790752415389206,-0.3063838512187111,0.2310071552258971,0.10067682250300924,-1.85535207706011,0.03388021952416691,0.5754079790973541
2024-02-28,-0.34511395599383676,0.28055462959044075,0.0005815697447972626,-0.23890576759563284,0.06520022793264726,-0.21269566935996967,-0.19612703982635982,-0.1470442262865684,-0.04373186738641372,-0.47203428924315805
2024-02-29,0.6746914250606411,0.7801807346597794,0.8071374075467079,0.23209281871679777,0.555855761770328,0.48109816763793023,0.2728830478316522,0.6140495619304145,0.23403228098995427,0.8790186442596725
2024-03-01,0.288830324459108,0.5536255331644444,0.057135438661419874,0.00830760591539606,0.08135608425056153,0.1242520262824098,0.008296351457369594,0.09965133480374495,0.21292525556210395,0.4514459962785885
2024-03-04,0.1734317620077322,0.3390883404752582,0.30490788190042584,0.14242955304856225,0.1464034579256872,0.07721181532910996,0.22566437130374764,-0.186445230331553,0.2364772999117658,0.3250718186272395
2024-03-05,-0.11209348860623944,0.3471344712435473,0.446341021688807,-0.10765911456766761,0.0663581397630014,-0.007329781359135319,0.12225176710068669,0.18636966128271842,0.21090563085052763,0.011613899233563596
2024-03-06,-0.2155610227774456,-0.7388248588757531,-0.3009431114514733,-0.5972370626262804,-0.3982617007603972,-0.2765613428570274,-0.3306010314228502,-0.4198789343250742,-0.5082931957198461,-0.46350891717117476
2024-03-07,-0.8484356685854765,-1.0328278390107553,-0.9666797759492609,-0.1403111018978106,-0.442016708917987,-0.0751377221070284,-0.2689987925928242,-0.5308631229870522,-0.5200328202172165,-0.1320559696009263
2024-03-08,0.28057786384498845,0.481531159494616,0.05069695175937897,0.03625066358696069,0.08287140841229343,0.1824618506006201,0.06484887296061972,-0.04294753024265763,0.24696300016333872,0.5856680230662319
2024-03-11,0.12094286379779337,0.22947746317606865,0.04399632389460969,0.14718254657246435,0.18712414632327823,0.12879851368220277,0.036867717543860215,-0.07966341171881769,-0.015054259820622862,0.06351203300929195
2024-03-12,0.21177097133687178,0.07161182767944327,-0.12232796331062913,-0.08581310601935727,-0.2238975895743155,0.06942039125869956,0.04857942000905832,0.39128389239072936,0.10324718746882264,0.10400301686179617
2024-03-13,0.11432279495531444,0.17122657828307752,0.19383374528737984,0.1471675049269258,0.010567822249145147,0.1363920247710933,0.06659944803169367,-0.11884933969104633,-0.025074744695923995,-0.11146122459538589
2024-03-14,0.3483939675949324,-0.12672290461143018,-0.023568269304340694,-0.3331009212783882,-0.01776934153367339,-0.10866789742231,-0.01956403877018971,-0.4534685675298618,0.13320620588771015,-0.37462391139347745
2024-03-15,-0.014684218097267249,0.10546775040637296,-0.05748231683057101,0.09639598228443429,-0.04926067890237224,0.04637928466939717,0.005489614632523003,-0.10378096200887407,0.2011358845480168,-0.07815623611955991
2024-03-18,-0.05335549730241722,0.08409908819027978,-0.23062240866932754,0.19833534910116002,-0.10670583286481194,0.1677300353730665,-0.010846050978343319,-0.09116520637167028,0.19090479802646743,0.19928039430684846
2024-03-19,0.27113858933078644,0.6133430099120954,0.17461029905689524,0.5105314214766716,0.05417496973397792,0.05893827647150268,0.2492640834912499,0.38845862636388834,0.5109995322731228,0.632075635094664
2024-03-20,0.30604920172142375,0.25886183422162756,0.4657950080697469,0.1802987662576511,0.26359912867925545,0.3652192381884475,0.1958422966340962,0.4921169242333669,0.8354806067867573,0.34231655324138865
2024-03-21,-0.16163521533607556,0.08219990196706899,-0.07499455581524088,-0.020281859844323097,-0.0888617658904848,-0.023615599461192974,-0.10566317126446174,-0.2193146077136497,0.11435616871940235,-0.17918749048924854
2024-03-22,0.059831930883727014,0.10524355459649226,0.20909011402336514,0.1008602050091377,0.1869551059628543,0.29590509210829863,0.09619404704728605,0.06574108593031056,0.38626173914207207,0.04010876618373689
2024-03-25,-0.0033745826147589253,0.23581698635900006,0.42065729510384975,0.557969899820513,0.20466672585685775,0.19750535659608695,0.30273334301804133,0.43858455962905585,0.3843518813063972,0.44674746832724
2024-03-26,-0.3899117516016322,-0.11950990753379537,-0.5336440981381251,0.0398520240858129,-0.30065219856341413,0.032138137120608944,-0.060124410147593885,0.07725293443368808,0.7390041034621018,-0.31605066445263075
2024-03-27,0.2663064511510949,-0.003550837706027321,-0.28819167708975585,0.10498466456189233,0.009955891552111608,-0.11109508566529011,0.068954833230417,0.41958051315865386,0.04528356770685353,0.19958767035998887
2024-03-28,0.46396248831572356,1.0939495148917484,0.02142281035698238,0.7667191203674661,-0.09976166967938277,0.6956348380999305,0.30937902780270754,0.39311965676782445,0.17197400111694644,0.8451564486524543
2024-03-29,-0.37273886879716794,-0.11766649488971828,0.2761375279969011,0.6063146806533523,0.07827750892056534,0.09463449428335381,0.12054402638660709,-0.13123228063191492,0.22319790272861634,0.7318448008138793
2024-04-01,0.13917404823856566,0.12253271129522741,-0.005912875433943095,0.059060583606723276,-0.01768095277645529,0.061152364954158184,0.3032011189089095,0.0830566876178531,-0.07824163322279326,-0.16171813698332066
2024-04-02,1.5240578959172617,1.028308639295601,2.319936386427681,1.251474307289159,0.42110779274516874,0.874624276090117,1.1714454128508422,1.3595710071875813,1.085420780302998,0.9677488470389596
2024-04-03,0.10374648371355205,-0.7803114263721113,0.16686358946937768,-0.4388521354723064,0.007908093723361952,0.09908325388477926,-0.05432383353706931,-0.26633371097195624,-0.17690123186167364,-0.34903344885803034
2024-04-04,-0.05943855710789069,-0.04501657679364562,-0.16165988878986437,-0.1421057988159641,-0.02737326238810315,-0.013942040154511955,-0.05501801874786518,0.008666561328646408,0.014560390738512986,0.13847014370835964
2024-04-05,0.09049711318444448,-0.20714537742697112,-0.5764484177634441,-0.12426685849417168,-0.2656401309125814,0.0865903057498156,0.29071369878717107,-0.265186178477375,-0.6630408429321885,-0.07724566424707169
2024-04-08,0.32611328100507453,0.2882943945197464,0.517576310655469,0.3569888723685575,0.37250366435474974,0.3756537215049066,0.34650041663611586,0.6189240058162389,0.49322678054196534,0.5196645360493855
2024-04-09,0.09043271932558128,0.2570716735182017,0.5243217623548874,-0.0820904473538531,0.07637704021514136,0.09295235604782309,0.17186408441175857,0.15858819261211982,0.16604716824598845,0.07249739021066041
2024-04-10,-0.003849585003337125,0.38095980951374425,0.26626042901828395,0.44629746701988326,0.14745824414316266,0.1258415768011316,0.2619284914336867,0.07664530584874032,0.08580732136700249,0.02734064651852751
2024-04-11,-0.2259840214520067,-0.3133497726560888,-0.18177304243721287,-0.2812382556344485,-0.16657332009085335,-0.17643701889313027,-0.16908201556915237,0.10993091045288708,-0.22982990039891835,-0.42554711360444825
2024-04-12,0.20898968589294192,0.9167966998902315,0.3755440573627733,-0.4158916149245903,0.6271009591152616,0.453065517801533,0.3489829368536315,0.256009263000366,0.11063498200830431,-0.18170462311928293
2024-04-15,0.10083483077238095,0.194882568529818,0.04194330984337919,0.500186457077503,0.06964621526768974,0.09481376675095364,0.3299419053572201,0.33646177456320847,0.5401104604093246,0.04988680583353695
2024-04-16,0.2912719063480171,-0.3443407243123767,0.7100901811559006,0.36610194569704557,-0.14691974629705598,0.08754477503314428,0.08575676762990292,0.5779807132389387,0.9724155976549793,0.3434256427292544
2024-04-17,-0.09126968365011456,-0.05644605952809213,0.3363844210121595,0.01701933996017367,0.2717461564455747,0.07320838802611557,0.21355549540338,0.1317629332052221,0.3064717374840821,-0.20866876026646997
2024-04-18,0.18919488659261335,0.37399150401449577,-0.0264509863160569,0.23057318388247325,0.1578862771392082,0.1842130704548347,0.22558907703136857,-0.19720471504440634,-0.023593199811217436,0.045098203283334894
2024-04-19,0.20789187259161895,-0.05240058271776979,0.275420903291325,0.2478797320148819,0.10033049831787871,0.020963250380018124,-0.02970473428819259,-0.2490757244397685,0.05638485920966323,0.038060435404474874
2024-04-22,-0.8359298496130947,-0.3420723247621969,-0.971261909296903,-0.198448990952556,-0.8807989356855166,-1.0136600625886032,-0.20845723135842997,-1.1813653288933017,0.039336636333205194,-1.4242227742806561
2024-04-23,0.12229289353872083,-0.15104100448539193,-0.3702513999461389,0.32769828533852485,0.35381732338356536,0.06139753479969731,0.08224810065773056,0.10964995098522692,0.2965243200525633,-0.02637067056704096
2024-04-24,0.14030084609144214,0.7890039196685921,0.4283092480058,0.14018001935475627,0.5798424430460352,-0.06910064990897641,-0.06944582957744906,0.8477642766656637,-0.3178444590937153,-0.04465525879017408
2024-04-25,-0.12733871060564156,-0.06094876779542174,-0.17864800582233198,-0.2239786293709812,-0.04107523093640049,-0.06614538389085775,0.2543414491800431,-0.1560937181474755,-0.09067497323110485,0.05269252775142054
2024-04-26,-0.08349977332988197,0.5124920166361536,0.31811609166751365,-0.03917965205534428,-0.10147371637180817,0.13287032804410417,0.16189414966600693,0.340023607967834,0.3907929240877218,0.16194801496242847
2024-04-29,0.29529157234558817,0.106863538824464,0.3156233928402535,0.1083553130611869,0.1487891016761812,0.11869233048878468,0.2129246557269081,0.20602248559149974,0.6355030462247423,-0.13309245780527584
2024-04-30,-0.10243839508924378,-0.41462498831727645,0.13354549268442967,-0.08751124567206939,0.08576719917770277,0.19704538125840315,0.11722539728171226,0.1831447165172629,-0.23697592424558608,-0.028103957325236906
2024-05-01,-0.031370325224433934,-0.2032356797906864,0.37764135035103047,0.019448096892512284,0.2658049453421701,0.19707293738816034,0.1372017731258922,-0.15725255868686386,0.30433376773201726,0.23814890037397718
2024-05-02,-0.2095323209489724,-0.28278304226943485,-0.0816886256012862,0.0058900287187777615,0.0008879712420292799,0.07845794552607109,0.05734499011125614,-0.11778744500182362,0.3346635795347105,0.03622354922114436
2024-05-03,-0.3242867673299416,-0.19328821724036488,-0.29785964842091317,-0.6202582362602107,-0.44228510210609245,0.0039060725848068106,0.014589831924131533,-0.723595466695748,0.02571378681102901,-0.4662575514006075
2024-05-06,-0.019811623060189604,-0.5958218174904878,-0.1432401943250926,-0.2591422307685318,0.07828651436390968,-0.034765815913673004,0.07217524636439288,0.21670501382298316,0.306813428033536,-0.042394563896583234
2024-05-07,0.05040212142016995,0.16668114573037882,0.43421393121052965,0.38360424606566745,-0.07428432616417338,0.04376487776715629,0.14282065567540475,0.061278773915641925,0.2511783836435778,0.1472778329948109
2024-05-08,-0.14393959964434544,-0.11860069990244429,-0.3425012101420122,0.006474276965763567,-0.1849482969878521,-0.038462434709618326,0.021836116337480033,-0.13361084281862703,-0.35491859043069784,0.10379519675641635
2024-05-09,-0.16229640816200208,0.24693930871245667,-0.22614115322973172,0.16700896449367375,-0.18328007841321625,0.07893938894301722,-0.03901436414488514,0.14459212463176507,0.19539591735725545,0.04216851705551773
2024-05-10,0.043059680244665374,0.11196342226559136,0.058362457982123014,-0.14272547301768362,0.14904602185742483,0.1253139678518408,0.16926447675712178,0.12688794435177764,0.17692402297744897,0.18777004002263586
2024-05-13,-0.04047970332906267,-0.18148124651002745,-0.22445484149481015,-0.06896290906566996,0.03383213115100155,0.17017157288661067,0.2946336752994051,-0.1679858948839617,0.16446862801767978,0.1549177420581272
2024-05-14,0.2075529207749099,0.34265042017881997,0.08308454474463124,0.23992619139902455,-0.02948175004726386,0.05245166722161055,-0.13192902186501881,-0.06978177543747185,0.1600626618769759,-0.05231281381027804
2024-05-15,0.3793214867571337,0.3677278000707707,0.5196817167969963,0.38292787031980813,0.28868019475224593,0.03694596316117955,0.34969930491366763,0.4467651876037689,0.41605788633332086,0.6732294062438688
2024-05-16,0.21986624472459226,0.1579283641029853,0.3332892545039094,0.14490385726222582,0.1974057432895257,-0.03196139658051331,0.18398482232235247,0.09204266149341862,0.05295724880336462,-0.0932369435632288
2024-05-17,0.07955423728599369,0.050254697810455495,0.23507871806743819,0.4729282722697117,0.29320841197033065,0.10824144011751627,0.3030075662401271,0.023544647234096272,0.30395608629491366,0.5590235553680518
2024-05-20,-0.16948838999953697,-0.0643003721750228,-0.12248149238188312,0.2336433286610375,-0.04197584893902255,0.05577830585512191,0.00043791314053441555,-0.3188368959022937,0.1680674505205602,-0.10574167020149737
2024-05-21,-0.15488929150953962,0.0912478208319844,0.25039526612198043,-0.05194836178780603,0.1106199573044235,0.10330672361716493,0.11627676477751137,0.11500994380145327,0.48073014754450166,0.1237815588155429
2024-05-22,-0.12171612786531556,0.2116518472734038,0.04969019207763221,-0.45164181835619244,0.03549594137473159,0.5320744733220545,-0.27716995155596447,-0.45819977254600036,-0.02360758367571114,-0.9650687383458886
2024-05-23,0.0978640342501675,-0.2616945933179637,0.1742834132995554,0.22548175483233374,0.24114922294501376,0.14811530843489873,-0.028321444418875505,-0.17005750559048102,0.2718788006487411,0.008179094010893562
2024-05-24,-0.027598583074805713,-0.44519904031287105,-0.3406428008473581,-0.14703711359957167,-0.15490195890602845,-0.130834221662286,0.07214877836068773,-0.05121637368573585,-0.03348953226846196,-0.20854862445535066
2024-05-27,0.0975292936664182,0.024548681391490648,0.28010988500059086,0.2891839648775857,-0.16716111978157927,0.04158243590983301,0.14496610439696755,-0.18097768929974917,-0.034179765065295575,-0.39536890138572467
2024-05-28,0.054037258832647726,0.16317304645240388,0.087091672321811,0.29773540125979103,-0.007432669251592583,0.17999965685373853,0.09702013154298683,0.1659997983372122,0.14236061313011603,0.19793621789036045
2024-05-29,-0.3576372123210156,-0.6065148981135235,-0.3074133429000025,-0.7307853954128822,-0.03183501725780506,-0.26411829317720825,-0.07155348533317495,-0.2145516767121341,0.07313355988464408,-0.3865732328611433
2024-05-30,0.01867311771024003,0.15514872293096704,0.0567576964178834,0.16702195698316571,0.08803536213728688,0.07884786316680967,-0.05868059989071768,0.0892766536137953,0.2183539866521655,0.05748204124397323
2024-05-31,-0.16000219877042926,-0.2820782761537428,0.3011014621512943,0.23144113433875424,-0.06562368741457394,-0.16703246067615593,-0.16355789828375417,-0.3129041963624103,0.2510589694491416,-0.6754364473696588
2024-06-03,0.22212556731654465,-0.21315265286701507,0.1827290392002453,0.36624298048763404,0.5881621827412014,-0.04835103553855316,0.24106863794975797,0.6394581721349848,0.6257914668251088,0.2633831582941004
2024-06-04,-0.16085882901870574,-0.3085143171691554,-0.04807724087401456,0.5529087519821548,-0.04587811264442267,-0.09924857594555722,-0.08494325408052043,-0.07505269102315706,0.19450658026318168,0.3886957927857876
2024-06-05,0.12909030715262967,0.01856934700932593,-0.0675138818440076,0.21025409476925536,0.2969090126356134,0.1242639642570399,0.03975887981832718,0.00831469713271401,0.37791126058138796,0.02412631897746431
2024-06-06,-0.009023665032643527,-0.341643069541273,-0.4858457492672052,-0.11130882798425348,-0.14206692104966623,0.19824089560144187,-0.24591255851942134,0.012606594523022256,-0.007685473037912033,0.20876561594939552
2024-06-07,-0.6763366371233478,-0.08245027504961239,-0.08232364946502542,-0.21913850200527177,-0.29311501020101793,-0.11670596923430734,0.18798797760709302,-0.29803242089392734,-0.6246571609894536,-0.7759242747700694
2024-06-10,-0.4203890579521059,0.04682042430476513,-0.6927075947919786,-0.1181400683718736,0.2101404688853567,-0.028931715221056677,0.08902982466226966,0.17552972628950791,-0.5012532484543539,0.10444717734254036
2024-06-11,0.08622116510006378,-0.14258725807418032,-0.05228432028809216,0.04870828453910836,-0.11536466344076726,0.11260018318782818,0.054827869552238825,-0.09402073550691105,0.0713305501988934,0.03092408949135836
2024-06-12,0.29972002850836316,0.42211965101358584,-0.0794397305134501,0.4424741684289677,0.16536005045258123,0.3146518225835281,0.1873842941050158,0.04561918432916667,0.14100419906504352,0.28063879056266267
2024-06-13,0.19166036142320975,0.15674745935421733,0.10924382168739369,-0.23793666104162006,0.040167180894475164,0.06397976685511592,0.13742045550798535,-0.22695230411425082,-0.09845639075781037,-0.260901118023201
2024-06-14,0.057132054463790216,-0.1797313526239247,0.10740466140049237,0.028659783046676213,0.012524459498404306,0.1463905803934311,0.029017534126602212,0.13933896469307064,0.21052982226421602,0.01617479385526434
2024-06-17,0.27710205525414355,0.23064711288965295,0.42751981773894476,0.12411372933879741,0.2836551132396342,0.42570426541686057,0.3348760886131721,0.8301145878788465,0.41230206904515676,0.28898545950793425
2024-06-18,0.41838226875661066,-0.14420857422266198,0.14006960666342644,0.4210592332462604,0.2807261645447791,0.28596893815545565,0.2615710219624951,1.238645711351137,0.6856863327462389,0.33245790731403985
2024-06-19,0.020574964698452054,-0.30028850202937035,0.03473915636974033,-0.2807976504155201,0.19775276371561318,0.027636055367134177,0.04609774660728605,0.12417376103087374,0.2041520683925355,-0.17931980927436114
2024-06-20,0.11918380361517644,-0.16387182182567012,0.025462188188680224,0.08668865657934716,-0.02315113442714442,-0.007177882231197252,-0.007477442497520331,0.1489745180704642,-0.04537942831816458,0.029877256535701925
2024-06-21,-0.16391766161918386,0.4421349535877327,0.03450232209373209,-0.18144381093885734,0.02588475551233648,-0.29580741725331183,0.0503927330066359,-0.18826114117908688,-0.030385154191134356,0.40364203387563197
2024-06-24,0.3056187274179557,0.3463420247438178,0.2963389301551438,0.5991000125029387,0.05115324123656487,0.09781072177418179,0.028656222528692668,0.16974872225936155,0.32550235374498004,0.3167200482207791
2024-06-25,-0.029762196602498084,-0.04042708915008292,0.631654278135955,0.4328729006838382,0.6036723622174065,-0.14901240811960764,0.33322802531684614,0.4054703992568267,0.31627104059325384,0.9874324760612586
2024-06-26,0.209360212321751,0.1117618597419769,-0.006838678008431118,0.009719490051330201,-0.1901375636505382,0.12133497064213392,0.11553966401605092,-0.04658955556063685,0.2893370384486121,-0.034025236520702204
2024-06-27,0.18424218096379258,0.6868281423551048,-0.10366594057699938,0.16803749507108215,0.22485012684693334,0.08783452961823417,0.1484071010498295,-0.0012675035757044942,0.4509867101555679,0.5491042417190954
2024-06-28,-0.0634119834264147,-0.006780131694380825,-0.3024159722819012,0.19659169690013878,-0.12054042456353933,-0.10842192620437968,0.001279800908156964,0.2010301936164007,-0.07232545421020717,0.2097117581449221
2024-07-01,-0.04525611811937015,-0.30902164430352147,-0.39122594608612976,-0.015082858210376221,-0.2521952401193051,-0.07527786879528903,-0.09721413919569616,-0.20587069458571033,0.1756896873189587,-0.1834832252653681
2024-07-02,0.21938858907270392,0.2967829392700602,0.12544612614753464,0.17516243247801222,-0.07484251642299555,0.08498223223445481,0.0994118686650168,0.17531431768228,0.3328406943283684,0.2824149197217739
2024-07-03,0.37647472533717685,0.268031532807143,0.43413344938425946,0.24679495687552014,0.1932218187490473,0.36414564853658693,0.25036393488948105,0.22350974193141523,0.8436786538785127,0.899157727210623
2024-07-04,0.06247572630331388,0.21070743285233717,0.1868848602703831,0.12866445068261953,-0.34047735642179183,0.22769031426050812,0.21709395948303883,0.1877678945773112,0.561786643316449,0.19950463059637213
2024-07-05,0.5413249875239433,0.7005684487822728,0.5637032475766113,0.2705628368115181,-0.08237045136327692,0.0703447354960654,0.22035294659079932,0.6815138092663304,0.5787069656957246,-0.06213148703627374
2024-07-08,0.1991860111416269,0.6831421479393799,0.458129895786938,0.8540970419171956,0.33126698554458234,0.35875307822583524,0.1750777040415065,0.67266691430901,0.508815785928377,0.7304831923937178
2024-07-09,-0.15295103167542384,0.48125264606329343,-0.06409940723300944,0.33886586788622874,-0.07455275697693632,0.11104853259657739,0.21115703783565531,0.09676241050993903,-0.14680597945927945,0.5971489675023671
2024-07-10,0.144095461609185,-0.5410110314287473,0.4907641599276035,1.2625725332940845,0.5455637270127975,0.009746883030015058,0.7410315915445377,0.5420866328936611,0.955821579827918,-0.012835214776031237
2024-07-11,0.14173965010506814,0.19245969240554991,-0.0023777663563657597,0.2857690689111113,-0.052151080538055075,0.2935688927147719,-0.043536175412142976,-0.23097173944485394,0.4003392836118201,-0.314880818824933
2024-07-12,-0.30801354320541685,-0.04396529022119883,-0.5843264809818919,-0.15626503185274845,-0.41829661151732295,-0.08743198077427039,0.1003949416001135,-0.2116432042728832,0.13389549294806147,-0.36477479093547516
2024-07-15,0.23262630272307916,0.1430259856258014,0.11144026754667005,-0.09538263038774847,0.23599238691518568,0.24435879026779578,0.24138885391185555,-0.1709702029652609,0.6145402995603516,0.2743992643869932
2024-07-16,0.0896920035044046,-0.3730976779657726,-0.3169674173846542,-0.06634100449604655,-0.04122413789445056,-0.3637568001847129,-0.19918941354172454,-0.31242183092539244,-0.22627191193547094,0.003073068261739448
2024-07-17,0.18563129684978016,0.22819450503627703,-0.21947704940381052,0.49344808551239777,0.04475424651367805,0.13836640528795496,0.5214380836064658,-0.1285108599600536,0.2382670315353291,0.20442187781807086
2024-07-18,-0.09303359623599916,-0.45758826809646996,-0.32704245951891947,0.39626158764081226,-0.2693874932961195,-0.073827371105628,0.08877485227327145,-0.22527161946240998,-0.15629252603139943,0.26439810214225606
2024-07-19,-0.22495773661130408,-0.41193884494561317,-0.6789534679799715,-0.6535109530874479,-0.31594013641473756,-0.504364400900354,-0.125744652577437,-0.48455092527669247,0.47070641921294043,0.10139999623119168
2024-07-22,-0.22648273376624195,-0.8304564065560442,-0.16655456991309114,-0.3128136772920711,0.14936879532556505,-0.4414338220869064,-0.040642377293150275,-0.3777263255798806,-0.7296359624479722,-0.8362213594930216
2024-07-23,0.34347809994582396,0.24853577955575074,0.4659159107063054,0.29715851253483144,0.25808082161891943,0.2974286327517409,0.30523887100643654,0.1886668848902444,0.35121697616805536,0.3104812428411927
2024-07-24,0.23526066599872109,0.4146042691423426,0.2928706752814255,0.6795584673901274,0.21645726215516514,0.5953244448589371,0.007792859319510851,0.04697334812869692,0.5539525022995698,0.08021882878826647
2024-07-25,0.0004758103280426418,0.319696800516558,0.036094479455490575,0.3978690755401538,0.6190775932256491,0.22475794743413455,0.4991535546868472,0.7264643588343456,0.5007873420152688,0.9131640742977858
2024-07-26,-0.12766382146898478,-0.5709165193442147,0.027945037138569148,-0.35922529617261184,-0.1431443002453815,-0.31250268235001993,0.07141456786337788,-0.4115063495891631,-0.31946409605274484,-0.20318541223457945
2024-07-29,0.009535366236174972,-0.2097378489994195,-0.006488541938896399,0.2428434018591167,0.1578302186139184,-0.1419738739997043,0.15504773949631273,0.5052921378218694,-0.3287574579972123,0.000801353872024034
2024-07-30,0.2761069422040523,-0.06815565424096787,0.34937561586076615,0.4483981459950024,0.44750162524486675,0.13310614636390627,0.4462823833131978,0.303840275134817,0.24535404793831717,0.5119548678045316
2024-07-31,0.2792116401724312,0.46949377036980605,0.37859046596377716,0.22264227563450562,0.057189423894033725,-0.012304800870790097,0.056997270666205184,0.053461068107886395,0.23560565670788056,-0.0973633292170867
2024-08-01,0.5385596196544855,1.5290542199957422,-0.3742335199993036,0.7613420223331258,0.21796578787366724,0.571971532506533,0.41889449404382906,-0.18018500817853025,0.6170441228078699,0.4731487389415674
2024-08-02,-0.0647721426321537,-0.36675656929954636,-0.034845073623448276,-0.07837584166733012,0.09163160437644766,-0.09849084729675167,-0.07296220777008278,0.01679192233243664,-0.27790324891102886,-0.05846826369548047
2024-08-05,-0.5540070769291163,-0.3347631864733404,-0.03870840330935042,-0.9779902669136413,-0.37294005692056725,-0.38156052388388195,-0.14097990731082732,-0.48019980893530206,-0.5581984508098446,-0.22323974546108383
2024-08-06,0.2894871819697203,0.669682813008423,0.7148648992819171,0.7203576806654888,0.08655420998428796,0.4422026427864578,0.4533811433877756,0.2993735787453115,0.3526665646238428,0.28984552813158987
2024-08-07,0.09567798390483366,0.6292678809095265,0.13433689825247808,0.16230171701668017,0.2991415428589628,0.27328354992175485,0.18283716484398826,0.15864634915403236,0.229040960766988,0.6788476074768989
2024-08-08,0.34780990822049895,0.25720854656071673,0.2769876277139047,0.04943895139758603,0.08488154574912007,0.016361989743045778,0.2592366661412333,0.2561666816671702,0.21536562686525815,-0.18752698691031483
2024-08-09,0.138834616822539,0.19460560557170514,-0.1693460176852789,0.10333604032844114,-0.03103809835325258,-0.05394906970296379,0.19836655820578786,-0.011743092054759617,-0.04167304117660484,0.20962072013332295
2024-08-12,-0.05972918449637145,0.06729782162081285,0.06628244962474747,0.04603315898191757,0.33880360296967327,0.3074249863721025,0.09710473297728084,-0.038108576008710315,0.08027978861055608,-0.35251443999740817
2024-08-13,-0.2163803852072963,-0.02454187135458827,0.4314124678225187,0.4888479032654156,0.13109214344892103,0.25036385136280637,0.36596542527598075,0.3392440247766692,0.32310144898307536,-0.09260869827439526
2024-08-14,0.12249991396089306,-0.04228317243439447,0.2351539476055513,-0.06956257719786477,-0.037583984563490325,0.12342542628455178,0.13634644687419945,0.08503464804760169,0.20424648663238737,0.06719032226820384
2024-08-15,-0.1880499912389897,-0.31104056279039977,-0.8048852509741239,-0.5287226391194815,-0.23113325300749316,-0.15221327825127184,-0.036280945869637066,-0.7480258618046806,-0.3166438712941921,-0.28314330268005916
2024-08-16,-0.051694509169206905,-0.4748592265615845,-0.0838311744172226,0.007184080234307597,-0.08402489328022894,-0.057039801711625364,0.10095885479876945,-0.011066470004925326,0.0012959378127633467,-0.01771179595932879
2024-08-19,0.05311010369304542,0.1372124577804672,0.5084900824364003,0.23603015619636908,0.08641140894471969,0.2490893130858627,0.1404475321936612,0.2572375155500345,0.14821208650072462,0.5289347323141075
2024-08-20,-0.40482683522377316,-0.2457798593457921,-0.05279834373215596,0.060249590343506854,-0.05306621928284158,-0.3135111210838988,0.16045269618887423,-0.027004520614722208,-0.21055752782954054,-0.13327902654387075
2024-08-21,0.013458397700749504,-0.06821056191582742,-0.10674707801863202,-0.2049286872087615,0.005786860577136444,0.09985684489649971,0.04083146924503049,-0.22946224025230655,-0.07332989475157681,-0.06572935347915258
2024-08-22,-0.06344008026741481,0.007303274080749586,0.01619281519357285,0.34721660878978,0.15039353700556163,0.39198456109784874,0.06465407396190377,-0.2262102992810362,-0.04121740378318364,-0.16759464901864457
2024-08-23,-0.03367453073815923,-0.053847436081521115,-0.08862439737722841,0.00127535267496863,0.00701256111998598,-0.033125920930692075,0.19862579103598327,-0.09281905003134669,0.22344639401608626,0.024345665245541284
2024-08-26,0.12673706480126087,0.24745605954902108,0.22152480539091357,-0.10450365354719138,0.08953469716855915,0.07058476406620708,0.12859275426654806,-0.07553555794598935,0.08639289001077514,0.25340183711445946
2024-08-27,0.07148398627604016,-0.05091463860629697,-0.11863858025320616,-0.09241007005250054,0.033274168270823086,0.14850619942390117,0.17329561128131032,-0.2915511841609524,0.12473625857839007,-0.19147412544656672
2024-08-28,-0.18165510198265056,-0.8754683838038958,0.16121847166980335,0.19098948829065923,-0.552748477056213,-0.11506604395527528,-0.4034579473087117,0.4718861904825351,0.03755145005073176,-0.05287377374212281
2024-08-29,0.06636458167397655,-0.48806588238896975,-0.12299377222635217,-0.25890594342264217,0.0741877698466667,-0.08421104881085309,0.08687790786582128,0.022829331161735668,0.1082545348831116,-0.14592684715075288
2024-08-30,-0.30001155986359856,-0.026032531531527986,-0.5688395031930568,0.2155004686058809,0.11652520007883996,0.1814048945265957,0.2973738080407146,0.9829519757805771,-0.6348120548078608,-0.04623522536190856
2024-09-02,-0.12254442674012646,-1.0104266205286123,-0.3319010810093252,0.1075071195469135,0.006368717419464362,-0.5302858734404321,-0.1770196661308598,-0.6809703970410244,-0.4532084050503935,-0.047600504996494916
2024-09-03,0.28193210893640847,-0.07543475369283043,-0.23978319505035067,-0.015398195705814216,-0.15889442367317552,0.01321435628876333,0.043290436134616486,0.0962581313454037,0.10304932908898606,0.4884236947287109
2024-09-04,0.1774178673019675,0.825031941523054,0.16885560226110688,-0.28487572087417806,-0.1632721535124644,-0.028462599953036627,-0.09945826098576707,0.5976751470745761,0.09687279875237624,0.298215845334815
2024-09-05,0.012871476046013575,-0.09846960713028025,-0.15005154258261405,-0.0908208928931751,-0.06087629795655128,0.01743923760762589,-0.05107348920079231,0.46631093537052504,0.14007072800439607,-0.04209629440951189
2024-09-06,0.31217648918635155,-0.5077559133258732,0.00600400001896105,-0.004791951603587245,-0.2896399021175394,-0.3442204194196994,-0.05947916412214302,-0.7964340399164417,-0.5768280088697811,-0.04179297668059138
2024-09-09,0.5188641391083192,0.42121406454473925,0.3047254240947337,0.5469875095527451,0.029146857801044417,0.5174895851061736,0.21024993176025364,0.7116974133126239,0.8989919736593842,0.33329988477168654
2024-09-10,0.033478672374892285,0.4722507583664584,0.04829125836336394,0.20665499619220556,-0.03990110789998687,0.2501136565819165,0.36287061298187945,4.553437911550967e-05,0.015067116997248914,0.12487444105217121
2024-09-11,0.1911158860162837,0.06923428415699065,0.02526639529718974,0.17452058493431402,0.0380975397308048,0.24835857992770713,0.16088512602317487,-0.061093088678826735,0.301065435855561,0.0774596196463354
2024-09-12,0.07061195050268737,0.18640961954253144,0.33191703948979545,-0.005873399775988872,0.08569982712076188,-0.12380999849980355,-0.019350711954255487,0.09086177054222397,0.07826234803644659,-0.1331308200931866
2024-09-13,-0.28792394994384557,-0.21771166221809451,-0.4640386346038566,-0.3810181594442751,-0.02728696133971409,-0.32020547295270085,-0.11240092841445955,-0.0037459382767518895,-0.03204483968605415,0.27364717156350493
2024-09-16,-0.0668462680643205,0.018052435393544855,-0.13109095104176272,0.4126246972699641,-0.047941519779327604,-0.1967054483078912,0.1355373325742151,0.04430908105280114,0.0401043983145582,0.09765448746751272
2024-09-17,0.00466474122943733,0.45011634393739747,0.18531577457301973,0.1360677292420955,0.19314060108245967,0.2869120767298414,0.19191987064041444,0.3660534406780402,0.33693650176505613,0.1926124276971929
2024-09-18,0.9491885532328055,2.029140299552742,1.0211679395837319,1.1768256573338534,0.5970251760728889,1.0906086108223552,0.9409636142546256,0.6379646522653812,0.6799816687623624,2.7367943775706
2024-09-19,0.19469801057264938,0.24296246765200524,0.30358451583420765,0.1644574427122158,-0.007741561302761331,0.07378696647202676,0.41790199201141687,0.0807974853659571,0.20310248764708766,0.3225232018653716
2024-09-20,-0.01415594995414532,-0.14404919284055967,-0.11994731463040191,0.04951083840716606,-0.14691124934741243,0.34538364625038975,-0.15616095157980242,-0.4710086487859934,0.27554833779974874,-0.3256537454715393
2024-09-23,0.8616754818757036,0.3150371911305976,0.10418314494736251,0.5087926261109691,0.23276538707067287,0.46048701958368343,0.24636560278865338,0.01126596065571192,0.7643972857951975,0.9874793395155449
2024-09-24,-1.1302447353615552,1.3763405917973979,-0.5539189802714654,-0.29320349219710734,-1.3347562755911584,0.48988429184442744,-0.27752640157949765,1.5296904765835704,0.00998204110959501,0.6680152438395931
2024-09-25,-1.7980593026094647,-1.8625319433281162,-0.924805833542125,-0.40262938685621585,-1.059215218960798,-1.204512989493433,-0.4597680933938415,0.8486761449372284,-0.47126057882191774,-0.21916010816542725
2024-09-26,-0.24770051705580004,-0.31113089366285207,-0.15544398628401956,-0.04175625227321414,-0.12121801850992367,-0.19328261504439312,-0.08016830075346944,-0.3433839707609382,-0.11564482304184107,-0.29124113293424886
2024-09-27,-0.2055484005926017,-0.15533188642302437,-0.7601416820917425,-0.3578057440446827,-0.34357450425601654,0.204083074980924,0.4611993109758287,0.029008732683579584,-0.5557514711585447,-0.13549759018425633
2024-09-30,-0.10061048982135562,-0.1333347368087822,-0.20073564012699188,-0.06941108559081352,-0.07192841551544765,0.007813384894167136,-0.0026425340379282874,-0.14688795089927964,0.11831669466152614,-0.10037723563852163
2024-10-01,0.09761087048623202,-0.10480882875002533,0.5624878380060144,0.1771851657794044,0.14491500365080895,-0.03848212555289342,0.21293528193736083,0.14147577410666834,0.28253677538555927,-0.3422357120227159
2024-10-02,0.014282388631974355,0.3184001734347587,0.36997370572042837,0.04981424118423537,0.21577139896631595,0.11612878405732305,0.23264202388978072,0.4629600721722409,0.30796171315297854,0.06568797782499448
2024-10-03,0.05716610257904792,0.10671902082552598,0.019450373416051707,0.15748929526419014,0.11728403170849115,0.1607562341985363,0.0798083387676609,0.05517776661782052,0.2641983440597512,0.14328544900083512
2024-10-04,0.25306432835407644,0.2627182086435962,0.03959339855622836,0.028428861488480894,0.1202633147903223,0.14012237497613858,0.07623499128965741,0.09680425368794929,0.0235970609943916,0.06580487317622077
2024-10-07,-0.18814862899613838,-0.12567336517212022,-0.04063528763069593,-0.004047723311963278,-0.05202097726012672,0.021452111867163184,-0.2549496980284532,0.3502378927918499,-0.24322463690068005,-0.19407054177496658
2024-10-08,0.5343982240538048,0.11513650537480212,-0.4491544605296531,0.18735856205329848,0.24712006928763233,-0.1582336760131702,0.2643090467388421,-0.4720804058754116,-0.21237473843481655,-0.36149764983261007
2024-10-09,-0.32177826669053144,0.08682261138986574,0.20890815899659904,0.010060943754318583,0.4100250395320525,0.33101151767886583,0.11013840266701302,-0.2965208223522061,0.253009093327497,-0.19543559210717593
2024-10-10,0.12156648787004903,0.5012909577227664,-0.0015844788965126838,-0.07521011427198257,0.1616953590423319,0.18162237752498206,0.14053887737408402,-0.030389347910182232,0.011687655910624706,-0.05354280872646262
2024-10-11,0.4040701394041407,0.1220147766984761,0.40626658993042053,0.09921089375816639,-0.0266207238397042,0.08364825808180996,0.25223740855639837,-0.006592041183604513,0.05525826986513366,0.10379394260278113
2024-10-14,0.014600437137288369,-0.1734270902311763,0.11874357300980468,0.20093552657941968,-0.47109189815492775,0.3611812754666398,0.005172150682062185,-0.2715989758097599,0.2037361443477638,0.022338142839678547
2024-10-15,-0.05919730079572259,-0.7642703476362761,-0.49403954811125966,-0.24847161685036898,-0.13587135443945994,-0.2686488920828771,0.09243085049552871,-0.5323412678997159,-0.12411717607978748,-0.00030112250231906224
2024-10-16,0.2044795037906731,0.26873304486192395,0.07920021408165696,0.2861319513881383,-0.05675260696773654,0.051608978165685666,0.06861132506569739,0.07729076830834172,-0.2656026342644576,0.3161907458562108
2024-10-17,0.01087514829644886,-0.0814740041649272,0.11437868380112079,0.4077089910527963,0.17327615343124886,0.07822625023729639,0.0034300686353035195,0.20741362023106846,0.1833573464776591,0.19953304799920368
2024-10-18,0.2898083695993457,0.2366360396389821,0.378863126467576,0.0765109575519412,0.19860871828306476,0.30546506012240504,0.2945839566373325,0.30528642342910095,0.29491349238056547,0.23561010723076842
2024-10-21,0.020563059775966182,0.12313520233772536,0.13804008025737674,0.32730370172234935,0.030775233025060005,0.0700120245244136,-0.04369585923731134,0.2966791432823681,0.06428728218338677,0.11677361839528591
2024-10-22,0.3767060909807655,0.5148508340002946,0.5292858828187965,0.5425005407954879,0.2542015821981081,0.426198878091537,0.4265792077177993,0.20454983340007213,0.5437584451585942,0.6759113319699559
2024-10-23,0.05069299006337398,-0.327838844688651,-0.12582756391166477,-0.05748158719736493,-0.10449346904877921,-0.1063269073441267,0.21551703461958127,-0.16300543313575708,0.1860181519411855,-0.12244709868025404
2024-10-24,0.27100420524067764,0.7856655544006921,0.2805529070612043,0.30388060698187613,0.24917158472178336,0.5949571268684963,0.21499270818705482,0.15816095185733522,0.4296138370534257,0.3165417320830114
2024-10-25,0.29928615274101134,0.4682010989586438,-0.3486123484645977,0.02499614093688044,-0.0028315238511399804,0.10214598992568036,0.06986473194062466,-0.15155739316189548,0.1202256165663206,0.25104909957938026
2024-10-28,-0.3268944002919041,-0.2828026971814128,-0.39501266191982054,-0.2244030403504115,-0.2899100692210776,-0.09554454126422648,-0.2501157830288362,-0.03475273117939858,0.14974542175383476,-0.2646361002444705
2024-10-29,0.15256406805934442,0.024458342870496072,0.17094160126957875,0.07332806989675623,0.13906235624953403,0.3945368155252691,0.21760006295441842,-0.0012774169885118453,0.1559910380100801,0.1680118699275352
2024-10-30,-0.004297144620512533,-0.6300079065655442,-0.5710268263676702,-0.857042238719092,-0.2017925783837241,0.15915500194791077,-0.1266146637655809,-0.6191152698314115,-0.3185657881735684,-0.659737502870742
2024-10-31,0.21997855269673222,0.21210274282681435,-0.3660190015655956,0.830258791856793,0.12928473255138972,0.00643691108762761,0.12033759402770317,0.655712768093058,0.31438565197426527,-0.14411824094866105
2024-11-01,0.2925395042612994,0.06359896298739581,0.2727762169803715,0.4205790196974155,0.30031677337504825,0.10865722503998598,0.23600314384508297,-0.032504713798052906,0.2001364321009036,0.20600177547938814
2024-11-04,0.15802938118543947,0.2122555187675888,-0.1700112757591186,0.20260728572657363,0.0544011597897425,0.14641103683715198,0.09370366996140131,0.22468940251765696,0.16229260102566295,0.029877028371700993
2024-11-05,-0.11407801291902499,-0.23140630487701863,-0.28594304139490145,-0.1594298735996478,0.07365028789115327,-0.08014678631534275,-0.05837318404452237,-0.29831475751297376,-0.14037786109422004,-0.38624173375042914
2024-11-06,0.6799530555943899,0.6232494996482584,0.5738824901779358,0.09316253896474422,0.5389531645745056,0.5552629045042454,0.29459677288640396,1.0743942164509177,0.4705898342067888,1.0084817601028093
2024-11-07,-0.10067001965185138,0.046083196513519956,-0.06830908401827926,0.7965278267653114,0.05167061386908438,0.27718303939930194,-0.02650618661666141,0.17701472908969032,0.33927637243996195,0.1286655500317121
2024-11-08,0.20173788959665273,0.020357712400187716,-0.05082420159905207,-0.043219801733647444,0.16867620910903114,0.09191101663447823,0.0758848218823331,0.18962962028836378,0.03600017474855925,0.3451411446678987
2024-11-11,0.4774858947215513,0.9127013828731497,0.6884396612622877,1.1894797157562165,0.4240576960328512,0.8719818883199785,0.6003877440521725,0.8024784923363024,0.8661671828892711,0.8000118492926447
2024-11-12,0.2980293820631488,0.22395690698380652,0.2662715008450391,0.08172608407144506,0.11354913191484832,0.033715237017518294,-0.008874388188603297,0.09634582111244842,0.16563854002216222,0.17524731785691086
2024-11-13,0.010851701416329435,-0.10397320291449252,-0.3050612392621688,0.14963049532480516,0.11505374967548222,-0.03268169955063782,0.010168542840115535,0.21899769430913427,-0.10679254599935986,-0.5021306763481249
2024-11-14,0.30880146022919625,-0.13531816970579946,0.21071964485553746,0.38571490008910825,0.23372445077122464,0.18007287662946198,0.37480860215258543,0.0533256804617702,0.22622196050516838,0.46816020422806887
2024-11-15,-0.9167157964421924,0.24688685517162107,0.20570904879506458,-0.25783145815583486,0.44184483581653045,0.25764028097019553,0.06660706924022936,-0.8541394881494087,-0.08797624583154667,-0.3100550897413421
2024-11-18,-0.11437822093346721,-0.21005982820817753,-0.36740072577711624,-0.009400378258817121,0.1280239447258954,-0.013161310842509238,-0.013975694410431824,0.06246414061596254,0.1844082274455276,0.21887241922836054
2024-11-19,0.13347989786450323,0.3528527117524267,0.03526775065438578,0.046384617698075545,0.10062123059080705,0.2649031167457857,0.1417141756546628,-0.005204693831245111,0.42829732308759594,0.21595344002340983
2024-11-20,-0.20539876987823058,-0.15385933772640442,0.015296328663158946,-0.10466554099929298,0.017496802896998925,-0.008189744387308184,0.043744799134983345,0.03987855102146722,-0.17348614908444612,0.06465295042489205
2024-11-21,0.5780032010284449,0.17684984196611284,-0.13176874232831087,0.1853609636136963,0.2757245291699034,0.4405515420756604,0.06844816350673895,-0.36701618707575717,0.00493379073624145,0.052052323981307345
2024-11-22,-0.09267262636553437,0.006134383692223938,-0.06515636279137237,0.22338356003386656,0.0002858440428087361,0.0622128030829328,0.0739110449939632,-0.19407029453261926,0.04452863770088997,0.05465944111552707
2024-11-25,0.29112906659930016,0.47971161621319247,0.4890616562497519,0.0636254808539321,0.32237459428906,0.41465930464101164,0.1463044036877177,0.5804043037041144,0.33150627763699214,0.26548715166620435
2024-11-26,-0.004586580176687637,0.22085675942458008,0.6873254676935796,0.4108755892251256,0.4893844057628991,0.6528054085570193,0.10536954331350375,0.8504662593131225,0.7272086760154464,0.3819483297611895
2024-11-27,0.1965264150144782,0.28816582302184535,0.21607288455999887,0.23773373412200277,0.01769640001547909,0.0743898124534625,-0.045182014304092154,0.450390556162138,0.2299469813761503,-0.09983151716382926
2024-11-28,-0.1213970969668224,-0.3611911907680521,-0.09688593392812218,-0.39146279933713235,-0.49703439562237156,-0.18185024114985912,-0.379556755085276,0.5411154460015708,-0.6682379294185431,-0.39848608285920767
2024-11-29,-0.3138403133306994,0.06866798518020248,-0.059502827641791226,0.012110507978097172,-0.06832902906123477,0.21308227070972896,0.13938089573217582,0.13124846549857355,0.0014351448814131466,0.07436564465033457
2024-12-02,-0.3465287474627491,0.08915058758567675,-0.33053386008161006,-0.03245378278966446,-0.01785693356750427,-0.13687854291343374,0.023732902027131367,-0.565787485007742,-0.3355561112589801,0.3543482869691461
2024-12-03,0.5386386174202829,0.3079842287036276,-0.6319566270976626,-0.28917248814568275,0.31959810577663916,0.024306578927671962,0.07745556632727787,-1.3475441273574882,-0.275165840912425,0.3967237325792234
2024-12-04,-0.15001516441781676,-0.1697419877648561,-0.0036400854087381834,-0.11546759101588883,-0.16624946245005653,-0.11943081551227785,0.05536624432644818,-0.3840568015799555,-0.11937230599130708,-0.3142960508124157
2024-12-05,0.18493532573022173,0.3839539392224593,0.12085713768787056,0.01067113737132104,0.16497777068657143,0.14243326904767997,0.13973376101716412,-0.22571823919971035,0.2047332701204319,0.47259393480945633
2024-12-06,0.013232922901244462,0.5468345328730377,0.24403475092954063,0.2965182373566476,0.21770744311623952,0.3482316418957063,0.25831132256533723,0.34375005216740967,0.1423031936105674,0.04121524386526754
2024-12-09,-0.12550859020613603,-0.10144218007937078,-0.1557117169472358,0.24039996254317889,0.011998226615114078,0.15639602415573367,0.08571405657345942,-0.03176063938909411,-0.007943628564857197,0.0565228858079926
2024-12-10,-0.11023321735141209,-0.11191542499255638,-0.33379832542705123,0.08133891444555288,-0.02104751963215011,0.044549296186803415,0.2119899848476594,-0.35926901444671133,-0.24178828274691572,0.4061919665908387
2024-12-11,0.3361134034450575,0.27966741660973116,-0.08071766214723357,0.5742459981673257,0.2733536176761125,0.3525841938273657,0.2753034535127199,0.41562465738739174,0.45957087654611006,0.32925231275142236
2024-12-12,0.199852348742995,0.48086727297952386,0.08347824701280196,-0.2493145399182237,0.12541765987899825,0.1951032126580329,0.10565669271384191,-0.17030085371312947,0.181382491190525,-0.06530398433627281
2024-12-13,0.16116080411012243,-0.2550147992544931,-0.23515793897529635,-0.011716946125897645,0.17847828030462454,-0.41584814478097953,0.15977291995301784,-0.24572013893277933,-0.1530184723921811,0.11639084580307296
2024-12-16,0.3404858672419626,0.7319883307858418,0.2493699898910593,0.4834304348763059,0.3518057350629941,0.355353867891132,0.02490915200852309,0.14731514254583056,0.46467958847709323,0.4193785664916017
2024-12-17,0.006401378985811862,0.24870235085527723,-0.22811973835999094,0.22026427142854815,0.12490655699484178,0.09409402264616419,0.17759977907164554,-0.014906509223023348,0.21551256690936677,0.3759377936169813
